Date,Miles,Tonnes,Mile-tons,CO2
2019-02-05,358.8273984,12.79735361,4592.041103,0.74
2019-02-05,354.640913,14.95637808,5304.143576,0.86
2019-02-06,357.5758428,12.12738104,4336.458497,0.70
2019-02-06,369.8171533,17.23665268,6374.409826,1.03
2019-02-07,358.981779,22.08811369,7929.230347,1.28
2019-02-07,355.006226,20.32902054,7216.928861,1.17
2019-02-08,373.0166023,16.51933286,6161.985415,1.00
2019-02-08,354.9174852,9.761341563,3464.4708,0.56
2019-02-09,362.3494402,17.68065164,6406.574223,1.04
2019-02-09,348.879507,15.91991578,5554.13237,0.90
2019-02-10,359.6113201,13.89141003,4995.508297,0.81
2019-02-10,352.9032687,8.045415708,2839.253502,0.46
2019-02-11,330.7516389,24.31185131,8041.184666,1.30
2019-02-11,369.9049696,23.13984773,8559.544671,1.38
2019-02-12,374.81902,16.4955178,6182.833817,1.00
2019-02-12,364.1247283,18.31206154,6667.874434,1.08
2019-02-13,360.5516934,20.89381027,7533.298674,1.22
2019-02-13,337.6734426,9.617978588,3247.735941,0.53
2019-02-14,352.3214174,13.14815376,4632.376168,0.75
2019-02-14,358.4352961,21.6145138,7747.404655,1.25
2019-02-15,375.9628979,12.20786254,4589.703377,0.74
2019-02-15,364.5800367,3.78772073,1380.927363,0.22
2019-02-16,355.6496036,14.80981083,5267.103352,0.85
2019-02-16,364.7874728,21.35073751,7788.481578,1.26
2019-02-17,374.9760756,8.425863391,3159.497188,0.51
2019-02-17,357.8937353,17.81467522,6375.760655,1.03
2019-02-18,370.9201316,9.688474732,3593.650322,0.58
2019-02-18,348.3138432,6.460090719,2250.139026,0.36
2019-02-19,352.8448568,18.75773701,6618.571029,1.07
2019-02-19,347.9524148,6.6692258,2320.573222,0.38
2019-02-20,368.9525574,13.41237458,4948.529903,0.80
2019-02-20,364.475878,12.38475048,4513.942806,0.73
2019-02-21,367.1277096,11.77423892,4322.649368,0.70
2019-02-21,378.9575058,21.57290298,8175.213505,1.32
2019-02-22,371.5530538,12.26668678,4557.724933,0.74
2019-02-22,367.4398653,14.58862566,5360.442647,0.87
2019-02-23,347.7081007,15.57277196,5414.778962,0.88
2019-02-23,355.8596351,16.57201919,5897.312701,0.95
2019-02-24,347.9728816,15.82846662,5507.877142,0.89
2019-02-24,357.6556771,18.8631377,6746.508289,1.09
2019-02-25,347.1371534,16.60527971,5764.30953,0.93
2019-02-25,362.6988828,21.7932587,7904.390584,1.28
2019-02-26,363.6231106,13.76119864,5003.889854,0.81
2019-02-26,355.1303556,21.71073924,7710.142548,1.25
2019-02-27,365.5753158,16.73520807,6117.978976,0.99
2019-02-27,344.6950522,24.33047542,8386.594493,1.36
2019-02-28,367.8684505,8.888200742,3269.688635,0.53
2019-02-28,356.9566555,14.42635603,5149.583798,0.83
2019-03-01,361.6459692,19.83184646,7172.107334,1.16
2019-03-01,363.7381408,18.51054286,6732.990445,1.09
2019-03-02,341.2607872,17.60115863,6006.585251,0.97
2019-03-02,367.3525616,14.69808967,5399.380893,0.87
2019-03-03,352.2082641,12.16931754,4286.134205,0.69
2019-03-03,376.1901218,16.6707412,6271.368162,1.01
2019-03-04,367.2931565,17.25022777,6335.890607,1.03
2019-03-04,369.1238377,18.97224564,7003.108122,1.13
2019-03-05,343.9282398,19.37054816,6662.078533,1.08
2019-03-05,361.124215,15.6990967,5669.323972,0.92
2019-03-06,368.7811246,14.73198846,5432.879272,0.88
2019-03-06,363.2097022,12.08497195,4389.379061,0.71
2019-03-07,354.9920409,15.13939675,5374.365349,0.87
2019-03-07,369.1346725,17.37564268,6413.952172,1.04
2019-03-08,370.0323819,21.46048771,7941.075385,1.28
2019-03-08,359.5844578,13.57412068,4881.042825,0.79
2019-03-09,361.4134964,21.79861857,7878.314953,1.27
2019-03-09,375.9820368,17.18873262,6462.6547,1.05
2019-03-10,358.8120898,25.99758978,9328.249519,1.51
2019-03-10,365.3634586,22.77673563,8321.786908,1.35
2019-03-11,350.0552804,17.75237737,6214.313439,1.01
2019-03-11,357.2573191,15.60723478,5575.798856,0.90
2019-03-12,368.7957152,13.69599598,5051.024632,0.82
2019-03-12,356.8162831,20.09359306,7169.721192,1.16
2019-03-13,382.8050935,22.73383115,8702.62636,1.41
2019-03-13,354.1164734,6.669548521,2361.797002,0.38
2019-03-14,367.4073569,7.785022981,2860.274717,0.46
2019-03-14,356.5519065,13.59912861,4848.795232,0.78
2019-03-15,374.2694178,16.66853669,6238.523523,1.01
2019-03-15,376.673854,19.96703343,7521.059436,1.22
2019-03-16,383.2046302,6.449501678,2471.478905,0.40
2019-03-16,357.3136088,14.44339891,5160.822987,0.84
2019-03-17,361.6361199,18.29517221,6616.19509,1.07
2019-03-17,357.0196134,17.3213651,6184.06707,1.00
2019-03-18,385.4415233,11.18215851,4310.068211,0.70
2019-03-18,344.150536,11.18958541,3850.901816,0.62
2019-03-19,363.8717602,14.15075539,5149.060272,0.83
2019-03-19,348.922053,14.27864298,4982.133423,0.81
2019-03-20,372.5019672,16.45359412,6128.996177,0.99
2019-03-20,372.7576512,12.52046999,4667.100985,0.76
2019-03-21,362.4370812,12.77109066,4628.716824,0.75
2019-03-21,373.5908681,15.77624689,5893.86177,0.95
2019-03-22,373.6053393,14.24317298,5321.325474,0.86
2019-03-22,363.0060541,14.58498122,5294.436482,0.86
2019-03-23,352.3081959,18.72116078,6595.618378,1.07
2019-03-23,378.8259566,20.67006925,7830.358758,1.27
2019-03-24,344.77585,17.1553437,5914.748207,0.96
2019-03-24,369.872782,9.830352765,3635.979925,0.59
2019-03-25,379.6721282,17.49746318,6643.299084,1.07
2019-03-25,353.8215685,11.00234714,3892.867721,0.63
2019-03-26,367.163095,20.3518518,7472.448896,1.21
2019-03-26,362.7339529,13.14558185,4768.348866,0.77
2019-03-27,363.7667478,19.02022917,6918.926909,1.12
2019-03-27,387.8839071,15.11853782,5864.23752,0.95
2019-03-28,375.6431897,18.89382624,7097.337154,1.15
2019-03-28,351.4350491,15.67133231,5507.45544,0.89
2019-03-29,371.7682682,12.95366754,4815.762548,0.78
2019-03-29,352.6009399,12.7300846,4488.639794,0.73
2019-03-30,361.7156807,13.25022958,4792.815813,0.78
2019-03-30,376.3439966,22.36695057,8417.66757,1.36
2019-03-31,366.6179298,14.17681502,5197.474575,0.84
2019-03-31,359.4057045,18.7134538,6725.722047,1.09
2019-04-01,353.162688,18.86522717,6662.494338,1.08
2019-04-01,366.0875093,16.0167805,5863.54328,0.95
2019-04-02,364.9139813,21.79644858,7953.828829,1.29
2019-04-02,366.7470613,23.41680527,8588.044517,1.39
2019-04-03,353.269995,6.725602644,2375.953612,0.38
2019-04-03,376.2730786,21.42898936,8063.151797,1.30
2019-04-04,369.7031597,12.57555426,4649.222144,0.75
2019-04-04,349.0557043,14.16842291,4945.568837,0.80
2019-04-05,367.8085248,16.87696245,6207.490664,1.00
2019-04-05,367.17045,13.13234798,4821.810116,0.78
2019-04-06,350.8752632,20.22117139,7095.108833,1.15
2019-04-06,365.7119606,10.26433979,3753.791827,0.61
2019-04-07,353.114724,13.86553325,4896.123946,0.79
2019-04-07,358.0068557,18.90683781,6768.777554,1.10
2019-04-08,366.7369408,22.70758387,8327.709841,1.35
2019-04-08,355.7094002,11.99225273,4265.757026,0.69
2019-04-09,364.2329576,11.76017852,4283.444605,0.69
2019-04-09,351.9824196,14.19431889,4996.15071,0.81
2019-04-10,369.9784645,25.69561212,9506.823114,1.54
2019-04-10,348.4303786,20.63040599,7188.260169,1.16
2019-04-11,360.4033437,23.23115631,8372.586413,1.35
2019-04-11,361.1368758,21.78357189,7866.851095,1.27
2019-04-12,369.8633657,13.22051224,4889.783154,0.79
2019-04-12,350.3322265,2.769854523,970.3693024,0.16
2019-04-13,356.7987553,22.1368065,7898.385005,1.28
2019-04-13,356.3723,13.97511019,4980.342161,0.81
2019-04-14,367.5856818,30.38744622,11169.99014,1.81
2019-04-14,351.8850143,6.407464312,2254.690671,0.36
2019-04-15,377.9106626,13.3420281,5042.094681,0.82
2019-04-15,362.7535129,10.39171709,3769.631882,0.61
2019-04-16,369.6761738,10.5309138,3893.027919,0.63
2019-04-16,374.3022213,15.44040769,5779.378895,0.94
2019-04-17,365.0886609,7.102196984,2592.931586,0.42
2019-04-17,355.5015808,17.97562969,6390.364771,1.03
2019-04-18,361.4727471,7.848120349,2836.881623,0.46
2019-04-18,363.6112988,18.40088038,6690.768013,1.08
2019-04-19,363.4021319,17.95759073,6525.826757,1.06
2019-04-19,364.014511,20.35859414,7410.823688,1.20
2019-04-20,373.8292505,17.89334069,6689.05414,1.08
2019-04-20,358.2406734,12.37669884,4433.836928,0.72
2019-04-21,350.6481037,8.651473087,3033.622632,0.49
2019-04-21,388.5368298,16.41492273,6377.802038,1.03
2019-04-22,375.2546447,10.90883038,4093.589267,0.66
2019-04-22,362.1911905,19.10491543,6919.632065,1.12
2019-04-23,351.4815461,15.88130876,5581.986956,0.90
2019-04-23,369.4452293,9.901401836,3658.025671,0.59
2019-04-24,366.1854694,9.727263061,3561.98239,0.58
2019-04-24,351.6649546,16.40774863,5770.030178,0.93
2019-04-25,373.9036175,11.9193346,4456.682325,0.72
2019-04-25,368.0531603,26.49639775,9752.082928,1.58
2019-04-26,365.4175185,14.84461885,5424.483782,0.88
2019-04-26,357.1224116,22.53606426,8048.133617,1.30
2019-04-27,346.6458976,21.59934804,7487.325391,1.21
2019-04-27,368.4400281,16.35082857,6024.299738,0.97
2019-04-28,360.2048397,23.70250359,8537.756508,1.38
2019-04-28,357.2241955,22.62690807,8082.879033,1.31
2019-04-29,355.3300004,10.8732099,3863.577677,0.63
2019-04-29,362.7480801,15.99826342,5803.339339,0.94
2019-04-30,347.3496075,16.35648684,5681.419284,0.92
2019-04-30,362.4920372,6.713349707,2433.535812,0.39
2019-05-01,358.0396189,17.99686705,6443.59142,1.04
2019-05-01,358.2851437,19.17015504,6868.381751,1.11
2019-05-02,370.0259779,6.115856288,2263.025704,0.37
2019-05-02,359.1640317,23.2149234,8337.965484,1.35
2019-05-03,356.2734193,16.83847949,5999.102664,0.97
2019-05-03,371.8639287,15.67676581,5829.623722,0.94
2019-05-04,378.1212608,17.67419054,6682.987212,1.08
2019-05-04,368.0052433,15.26564067,5617.835811,0.91
2019-05-05,362.5821813,13.21061453,4789.933431,0.78
2019-05-05,359.9985025,13.05253343,4698.892487,0.76
2019-05-06,363.5323765,20.33214361,7391.392484,1.20
2019-05-06,355.3187203,20.96571478,7449.510945,1.21
2019-05-07,361.117822,15.35040551,5543.305004,0.90
2019-05-07,353.7285737,20.00893171,7077.730873,1.15
2019-05-08,354.584503,11.23531461,3983.868447,0.64
2019-05-08,374.2224349,11.3101451,4232.510039,0.68
2019-05-09,368.4858752,19.01378679,7006.311865,1.13
2019-05-09,358.222636,22.79628162,8166.144094,1.32
2019-05-10,368.2564142,13.08497405,4818.625622,0.78
2019-05-10,362.9906552,9.457303045,3432.912629,0.56
2019-05-11,362.0917456,23.56568072,8532.938468,1.38
2019-05-11,370.4227823,18.53564326,6866.024547,1.11
2019-05-12,354.4637591,18.87651094,6691.039027,1.08
2019-05-12,358.2466538,18.77093558,6724.62486,1.09
2019-05-13,364.4166529,10.54620663,3843.213323,0.62
2019-05-13,359.2799178,14.12441715,5074.619432,0.82
2019-05-14,337.8327491,16.62965365,5618.041609,0.91
2019-05-14,369.333172,19.61842577,7245.735418,1.17
2019-05-15,354.2296281,20.04688283,7101.19985,1.15
2019-05-15,337.9030359,20.77628233,7020.368873,1.14
2019-05-16,368.5695012,12.67798704,4672.719359,0.76
2019-05-16,377.8138233,19.74608394,7460.343468,1.21
2019-05-17,333.1352866,12.97202696,4321.439919,0.70
2019-05-17,369.1961191,19.77340088,7300.262868,1.18
2019-05-18,362.7043573,19.82553371,7190.807462,1.16
2019-05-18,365.8957362,16.18473681,5921.926192,0.96
2019-05-19,346.9551478,19.7778806,6862.037485,1.11
2019-05-19,369.0660896,15.26747062,5634.705679,0.91
2019-05-20,354.0419615,9.297795083,3291.809609,0.53
2019-05-20,369.1773151,19.27078584,7114.336978,1.15
2019-05-21,358.9962008,17.34783129,6227.805527,1.01
2019-05-21,355.8679909,12.65406163,4503.175488,0.73
2019-05-22,350.3865934,9.970060789,3493.375636,0.57
2019-05-22,346.7049286,16.30350739,5652.506364,0.91
2019-05-23,345.4328878,14.69319731,5075.513579,0.82
2019-05-23,347.847238,14.46152984,5030.403212,0.81
2019-05-24,378.6011261,9.865977946,3735.270361,0.60
2019-05-24,372.3300958,17.97259867,6691.739383,1.08
2019-05-25,364.3108134,19.73211056,7188.62125,1.16
2019-05-25,357.5601809,16.78643425,6002.160469,0.97
2019-05-26,347.7938819,12.38287,4306.686426,0.70
2019-05-26,353.85663,10.48783054,3711.188371,0.60
2019-05-27,368.0638947,11.20348181,4123.59715,0.67
2019-05-27,363.8731519,10.47835708,3812.792818,0.62
2019-05-28,357.7176156,11.93421884,4269.080309,0.69
2019-05-28,359.4019516,15.0232536,5399.386663,0.87
2019-05-29,350.8583272,18.30281721,6421.69583,1.04
2019-05-29,346.5511427,22.16942025,7682.837922,1.24
2019-05-30,359.8316901,8.606125246,3096.756592,0.50
2019-05-30,365.2506455,3.7112987,1355.554246,0.22
2019-05-31,364.5796091,10.61084343,3868.497152,0.63
2019-05-31,357.7607911,26.38621496,9439.953136,1.53
2019-06-01,360.0758876,16.95160863,6103.865524,0.99
2019-06-01,355.3876298,16.57859163,5891.826384,0.95
2019-06-02,367.2594443,17.94039507,6588.779524,1.07
2019-06-02,349.9887381,18.27116959,6394.703589,1.03
2019-06-03,360.0695839,17.44771884,6282.392861,1.02
2019-06-03,352.2104486,21.78775499,7673.87496,1.24
2019-06-04,372.733204,16.59928032,6187.102937,1.00
2019-06-04,374.1969159,8.030082891,3004.832252,0.49
2019-06-05,363.9781379,21.12681756,7689.699714,1.24
2019-06-05,370.1849329,22.01104826,8148.158423,1.32
2019-06-06,358.79825,17.2675622,6195.5711,1.00
2019-06-06,350.5309965,16.28091471,5706.965256,0.92
2019-06-07,358.2996661,9.239230768,3310.4133,0.54
2019-06-07,388.9467862,11.51289275,4477.902633,0.72
2019-06-08,364.6606929,29.02532572,10584.39539,1.71
2019-06-08,350.8619804,24.16375245,8478.142041,1.37
2019-06-09,370.0861739,12.80318503,4738.281764,0.77
2019-06-09,367.7275813,14.69607897,5404.153574,0.87
2019-06-10,370.1764526,26.74320837,9899.706004,1.60
2019-06-10,364.2998509,17.31728598,6308.6847,1.02
2019-06-11,360.1403461,15.79278791,5687.620102,0.92
2019-06-11,363.6895795,14.9903736,5451.842671,0.88
2019-06-12,367.1397514,5.771312478,2118.878229,0.34
2019-06-12,363.108927,17.49703044,6353.327949,1.03
2019-06-13,364.4241054,21.12371394,7697.990555,1.25
2019-06-13,374.8513536,11.58440373,4342.429417,0.70
2019-06-14,367.6317651,19.31553067,7101.002634,1.15
2019-06-14,359.4429672,22.84954386,8213.107846,1.33
2019-06-15,353.3547672,10.56646778,3733.711762,0.60
2019-06-15,360.9722596,6.464302344,2333.433824,0.38
2019-06-16,355.6208475,14.39586778,5119.470699,0.83
2019-06-16,384.3901695,23.51068778,9037.277262,1.46
2019-06-17,348.1641068,15.76632795,5489.269487,0.89
2019-06-17,358.0916162,17.23423984,6171.436799,1.00
2019-06-18,382.0851831,12.65267702,4834.400415,0.78
2019-06-18,354.6987304,19.7912325,7019.925039,1.14
2019-06-19,365.5558474,18.96580547,6933.061091,1.12
2019-06-19,355.1041099,12.342704,4382.944918,0.71
2019-06-20,353.8697565,14.30685366,5062.762821,0.82
2019-06-20,367.5639668,19.40483334,7132.517516,1.15
2019-06-21,360.8221421,20.62007045,7440.177989,1.20
2019-06-21,371.7497396,10.36850632,3854.489525,0.62
2019-06-22,343.5351138,19.73697111,6780.342616,1.10
2019-06-22,366.6065597,19.06358788,6988.836367,1.13
2019-06-23,377.2172255,19.75785286,7453.002438,1.21
2019-06-23,359.9318075,21.21495275,7635.93629,1.24
2019-06-24,362.0710709,19.10595447,6917.713395,1.12
2019-06-24,353.2460747,17.39653213,6145.256689,0.99
2019-06-25,360.8509306,20.24983919,7307.173317,1.18
2019-06-25,356.6515161,14.88594151,5309.093608,0.86
2019-06-26,358.9848969,10.14023307,3640.190523,0.59
2019-06-26,355.5929239,10.83506877,3852.873783,0.62
2019-06-27,358.2786537,12.6953325,4548.466635,0.74
2019-06-27,372.28216,11.13022346,4143.583633,0.67
2019-06-28,359.341392,12.10069176,4348.27942,0.70
2019-06-28,381.8544252,17.3354491,6619.61795,1.07
2019-06-29,347.4341016,20.45143195,7105.524887,1.15
2019-06-29,363.4714013,9.851732904,3580.823164,0.58
2019-06-30,366.7243704,12.15167071,4456.31379,0.72
2019-06-30,356.1421913,20.93865567,7457.138712,1.21
2019-07-01,352.0212577,13.7271615,4832.252656,0.78
2019-07-01,365.9715468,15.84590859,5799.151678,0.94
2019-07-02,347.2180058,19.42875129,6746.012277,1.09
2019-07-02,356.0656857,20.3799215,7256.590722,1.17
2019-07-03,376.1987854,9.295813263,3497.073659,0.57
2019-07-03,366.3239216,23.04656218,8442.507039,1.37
2019-07-04,362.3958869,10.36424701,3755.960488,0.61
2019-07-04,372.9430722,14.26669344,5320.664483,0.86
2019-07-05,354.8001412,12.84540775,4557.552485,0.74
2019-07-05,349.7692202,2.878623899,1006.854036,0.16
2019-07-06,363.0726702,14.46035604,5250.160081,0.85
2019-07-06,373.1881154,16.8868402,6301.968067,1.02
2019-07-07,359.7223707,15.22188752,5475.653466,0.89
2019-07-07,364.0912372,8.922584968,3248.635,0.53
2019-07-08,386.6567003,16.81042237,6499.862446,1.05
2019-07-08,367.3264365,6.774827463,2488.57323,0.40
2019-07-09,370.4282436,9.728897553,3603.858433,0.58
2019-07-09,359.871455,17.47203895,6287.688081,1.02
2019-07-10,365.8895213,23.2430175,8504.376546,1.38
2019-07-10,338.0126543,14.08393545,4760.548405,0.77
2019-07-11,369.7169759,10.53192723,3893.832285,0.63
2019-07-11,367.640463,20.50154381,7537.19706,1.22
2019-07-12,359.5656911,21.04633967,7567.541668,1.22
2019-07-12,359.9744373,10.92988286,3934.478432,0.64
2019-07-13,377.6235253,17.28128472,6525.819655,1.06
2019-07-13,345.0527353,18.27756303,6306.723117,1.02
2019-07-14,355.4411618,11.060084,3931.209105,0.64
2019-07-14,368.078728,12.70082983,4674.905289,0.76
2019-07-15,354.8732177,19.38897152,6880.626713,1.11
2019-07-15,356.0345378,16.04685485,5713.234549,0.92
2019-07-16,342.7465464,12.1903926,4178.214964,0.68
2019-07-16,343.6443789,11.52503621,3960.513909,0.64
2019-07-17,358.7559414,20.01868831,7181.823369,1.16
2019-07-17,361.3811154,20.30123276,7336.482139,1.19
2019-07-18,362.1252016,14.02575413,5079.079043,0.82
2019-07-18,355.8882955,16.83227131,5990.408345,0.97
2019-07-19,349.9155933,14.47937555,5066.559287,0.82
2019-07-19,379.6125723,10.67934241,4054.012644,0.66
2019-07-20,363.5723111,18.76991956,6824.223033,1.10
2019-07-20,343.8581285,23.05745455,7928.493169,1.28
2019-07-21,357.5146846,17.44444608,6236.645637,1.01
2019-07-21,361.9252144,11.62573747,4207.647526,0.68
2019-07-22,360.0016968,23.51711848,8466.202557,1.37
2019-07-22,365.2484809,10.12662957,3698.736065,0.60
2019-07-23,364.7517095,12.03412191,4389.466539,0.71
2019-07-23,366.3747761,18.74593842,6868.038993,1.11
2019-07-24,335.3540171,17.8388745,5982.338222,0.97
2019-07-24,358.8928215,24.1755067,8676.415809,1.40
2019-07-25,362.609811,10.25882924,3719.952132,0.60
2019-07-25,347.8703594,5.425910336,1887.513379,0.31
2019-07-26,355.8243315,13.22716121,4706.545796,0.76
2019-07-26,370.9074021,15.37893681,5704.161499,0.92
2019-07-27,340.8803548,19.44773039,6629.349236,1.07
2019-07-27,350.754214,8.591917744,3013.651355,0.49
2019-07-28,360.9788583,14.47896497,5226.600243,0.85
2019-07-28,372.2898949,17.77700964,6618.201051,1.07
2019-07-29,342.3164939,15.21129299,5207.076483,0.84
2019-07-29,354.3904041,12.52706745,4439.472497,0.72
2019-07-30,366.793544,18.47986174,6778.293982,1.10
2019-07-30,331.7184165,23.58871723,7824.811926,1.27
2019-07-31,374.7331254,14.95133055,5602.758826,0.91
2019-07-31,342.182032,17.69988994,6056.584304,0.98
2019-08-01,346.0772391,19.62028061,6790.132546,1.10
2019-08-01,349.9339066,13.28238101,4647.955474,0.75
2019-08-02,364.9481564,16.41131526,5989.279248,0.97
2019-08-02,349.5761457,19.6546899,6870.810739,1.11
2019-08-03,347.5492033,8.399715621,2919.314472,0.47
2019-08-03,355.1681899,19.62561145,6970.392894,1.13
2019-08-04,364.0181391,6.370970343,2319.148769,0.38
2019-08-04,361.6520672,10.50495457,3799.138535,0.61
2019-08-05,368.2140804,14.59026148,5372.339715,0.87
2019-08-05,366.3415731,9.969999871,3652.425437,0.59
2019-08-06,361.8042797,12.71001815,4598.538962,0.74
2019-08-06,353.0152927,17.08611127,6031.658572,0.98
2019-08-07,369.9702157,14.26292937,5276.859053,0.85
2019-08-07,366.9448235,25.68974368,9426.718461,1.53
2019-08-08,360.913631,14.00544228,5054.755029,0.82
2019-08-08,367.2705258,12.31301372,4522.207025,0.73
2019-08-09,358.667291,13.38566895,4801.001622,0.78
2019-08-09,356.9669043,16.93141272,6043.953985,0.98
2019-08-10,338.0702523,18.93209982,6400.379762,1.04
2019-08-10,343.7131263,16.09296399,5531.362964,0.89
2019-08-11,362.9759743,13.94283295,5060.913373,0.82
2019-08-11,365.601647,19.19965948,7019.427128,1.14
2019-08-12,357.8772254,17.92877528,6416.300354,1.04
2019-08-12,356.10329,27.65752532,9848.935761,1.59
2019-08-13,358.2119953,21.25404293,7613.453127,1.23
2019-08-13,369.631339,21.35814075,7894.638163,1.28
2019-08-14,354.6748432,7.439997029,2638.77978,0.43
2019-08-14,350.8843,18.09036511,6347.625099,1.03
2019-08-15,364.3978171,20.64708666,7523.753307,1.22
2019-08-15,372.3103749,20.54661116,7649.716503,1.24
2019-08-16,379.6176023,15.12976796,5743.526236,0.93
2019-08-16,346.2002633,18.50695208,6407.111683,1.04
2019-08-17,372.5443599,15.55752571,5795.868458,0.94
2019-08-17,367.6679759,21.58073586,7934.545473,1.28
2019-08-18,357.4750546,18.28075518,6534.913956,1.06
2019-08-18,361.9388247,5.630278239,2037.816289,0.33
2019-08-19,328.8173616,16.536462,5437.475807,0.88
2019-08-19,360.0253376,6.285583567,2262.969346,0.37
2019-08-20,357.4696066,9.781450811,3496.571374,0.57
2019-08-20,387.2815157,26.60498727,10303.6198,1.67
2019-08-21,361.4608748,9.202679294,3326.408508,0.54
2019-08-21,360.9643291,9.818050558,3543.966033,0.57
2019-08-22,361.4778593,18.15279192,6561.832364,1.06
2019-08-22,371.5224551,9.922764901,3686.529978,0.60
2019-08-23,361.125101,15.15269115,5472.017123,0.89
2019-08-23,356.6165213,21.40111221,7631.990187,1.23
2019-08-24,344.4043912,18.50734272,6374.010103,1.03
2019-08-24,363.8125782,14.75047643,5366.408858,0.87
2019-08-25,362.4958121,18.2112347,6601.496311,1.07
2019-08-25,364.4901046,23.10824749,8422.727545,1.36
2019-08-26,358.521482,12.90249245,4625.820715,0.75
2019-08-26,370.05825,16.59968696,6142.851106,0.99
2019-08-27,355.3809529,16.72229861,5942.786416,0.96
2019-08-27,367.0086276,17.97625032,6597.438958,1.07
2019-08-28,349.4543953,17.30743769,6048.16017,0.98
2019-08-28,361.5299665,17.12221841,6190.195047,1.00
2019-08-29,351.9777546,22.14933528,7796.073298,1.26
2019-08-29,346.3895542,23.56393341,8162.300389,1.32
2019-08-30,349.3163806,18.66142477,6518.741358,1.05
2019-08-30,346.0922707,12.49577252,4324.690286,0.70
2019-08-31,364.5023571,21.27671371,7755.412298,1.25
2019-08-31,364.7040915,13.516329,4929.460488,0.80
2019-09-01,359.7174897,13.27951257,4776.872926,0.77
2019-09-01,386.2318098,9.724956121,3756.087403,0.61
2019-09-02,365.4401029,17.43373436,6370.98568,1.03
2019-09-02,352.7173429,26.28776464,9272.150496,1.50
2019-09-03,347.0011912,23.80748822,8261.226771,1.34
2019-09-03,383.5720465,19.47046777,7468.327169,1.21
2019-09-04,360.5116769,15.00157053,5408.241347,0.88
2019-09-04,361.7287315,10.9230259,3951.172302,0.64
2019-09-05,362.986825,15.6405929,5677.329157,0.92
2019-09-05,365.1856395,15.29481471,5585.44669,0.90
2019-09-06,347.228942,17.6856849,6140.981657,0.99
2019-09-06,355.0140301,22.46600662,7975.747552,1.29
2019-09-07,352.2894016,12.81981848,4516.28618,0.73
2019-09-07,356.1486578,10.97961616,3910.37556,0.63
2019-09-08,363.4167544,16.9485995,6159.405021,1.00
2019-09-08,343.9611255,19.16550041,6592.18709,1.07
2019-09-09,347.8691392,13.7276899,4775.439669,0.77
2019-09-09,367.4376803,10.78461846,3962.67519,0.64
2019-09-10,368.8179174,13.3818713,4935.473904,0.80
2019-09-10,342.3930552,18.90708028,6473.652983,1.05
2019-09-11,331.8859184,16.11387173,5347.967118,0.87
2019-09-11,378.4524693,11.10133885,4201.329098,0.68
2019-09-12,365.0491869,23.73293394,8663.688239,1.40
2019-09-12,362.2580812,23.47552869,8504.199979,1.38
2019-09-13,359.4547118,10.80901728,3885.352192,0.63
2019-09-13,349.9204352,10.13060107,3544.904335,0.57
2019-09-14,343.8967576,18.81983346,6472.079705,1.05
2019-09-14,351.8134228,23.10760595,8129.565941,1.32
2019-09-15,342.7588998,24.85962704,8520.858414,1.38
2019-09-15,351.7309337,19.49859545,6858.259182,1.11
2019-09-16,356.2455424,21.74308827,7745.878271,1.25
2019-09-16,360.347433,15.02407332,5413.886256,0.88
2019-09-17,358.9834432,21.01200423,7542.961628,1.22
2019-09-17,357.0689231,9.457406065,3376.945799,0.55
2019-09-18,348.5207405,20.14657832,7021.500396,1.14
2019-09-18,352.6380664,18.16238164,6404.747142,1.04
2019-09-19,362.7522559,17.70402515,6422.175062,1.04
2019-09-19,373.8998157,15.28567107,5715.309596,0.92
2019-09-20,370.6757464,20.34501899,7541.405101,1.22
2019-09-20,385.8021689,12.97623081,5006.257991,0.81
2019-09-21,372.620241,9.178225891,3419.992743,0.55
2019-09-21,373.5048261,13.1543625,4913.217876,0.79
2019-09-22,364.4232973,14.69089949,5353.706035,0.87
2019-09-22,349.6958862,11.58409937,4050.911895,0.66
2019-09-23,360.0370982,19.40142231,6985.231789,1.13
2019-09-23,369.1848983,8.741109834,3227.085745,0.52
2019-09-24,362.3164064,15.54053695,5630.5915,0.91
2019-09-24,362.4020191,10.51815398,3811.80024,0.62
2019-09-25,355.6409917,17.5076714,6226.445618,1.01
2019-09-25,360.8638979,10.75459065,3880.943502,0.63
2019-09-26,372.098826,21.9906713,8182.702974,1.32
2019-09-26,377.906857,14.75684984,5576.714742,0.90
2019-09-27,365.5179274,10.35824405,3786.123897,0.61
2019-09-27,363.525393,19.56834894,7113.591739,1.15
2019-09-28,372.1940088,15.114675,5625.591479,0.91
2019-09-28,341.656285,13.98392956,4777.697422,0.77
2019-09-29,369.3521696,15.6669128,5786.608234,0.94
2019-09-29,364.5242872,12.19690779,4446.069119,0.72
2019-09-30,358.7101326,13.41445516,4811.90099,0.78
2019-09-30,358.1146248,22.16284159,7936.837701,1.28
2019-10-01,368.6650276,13.9240529,5133.311347,0.83
2019-10-01,349.7313999,12.39243923,4334.025121,0.70
2019-10-02,361.7347328,19.62920257,7100.564348,1.15
2019-10-02,362.3318705,5.984798831,2168.483355,0.35
2019-10-03,365.577687,22.59036748,8258.534293,1.34
2019-10-03,346.6422476,14.65200051,5079.002389,0.82
2019-10-04,363.1114762,15.45005439,5610.092058,0.91
2019-10-04,331.8345778,19.18398551,6365.909731,1.03
2019-10-05,373.9305531,17.84118605,6671.364569,1.08
2019-10-05,353.6193875,14.02098915,4958.093595,0.80
2019-10-06,361.1995973,19.05906154,6884.125353,1.11
2019-10-06,366.1668268,11.83619135,4334.020628,0.70
2019-10-07,372.3492445,11.73034737,4367.785983,0.71
2019-10-07,361.0451027,20.43592057,7378.28904,1.19
2019-10-08,362.0889041,14.71424231,5327.863873,0.86
2019-10-08,379.4656293,19.72658341,7485.560388,1.21
2019-10-09,369.9656136,17.06703435,6314.215835,1.02
2019-10-09,344.6336996,21.47587751,7401.31112,1.20
2019-10-10,375.8812755,17.19818494,6464.47569,1.05
2019-10-10,368.3804667,12.76174507,4701.177604,0.76
2019-10-11,356.1431595,17.9471836,6391.766673,1.03
2019-10-11,358.7924391,20.28586345,7278.414425,1.18
2019-10-12,359.0973155,23.02748574,8269.108313,1.34
